[{"family":"MaterialIcons","fonts":[{"asset":"fonts/MaterialIcons-Regular.otf"}]},{"family":"Alibaba","fonts":[{"asset":"assets/fonts/Alibaba_PuHuiTi_2.0_55_Regular_55_Regular.ttf"}]},{"family":"AlibabaBold","fonts":[{"asset":"assets/fonts/Alibaba_PuHuiTi_2.0_55_Regular_85_Bold.ttf"}]},{"family":"Inter","fonts":[{"asset":"assets/fonts/Inter-var-2.ttf"}]},{"family":"Anton","fonts":[{"asset":"assets/fonts/Anton-Regular.ttf"}]},{"family":"NumberFont","fonts":[{"asset":"assets/fonts/ArchivoBlack-Regular.ttf"}]},{"family":"GoogleSansRegular","fonts":[{"asset":"assets/fonts/NotoSansSC-Regular.ttf"}]},{"family":"GoogleSansMedium","fonts":[{"asset":"assets/fonts/NotoSansSC-Medium.ttf"}]},{"family":"Fredoka","fonts":[{"asset":"assets/fonts/Fredoka-VariableFont_wdth_wght.CfBhsFXY.ttf"}]},{"family":"packages/cupertino_icons/CupertinoIcons","fonts":[{"asset":"packages/cupertino_icons/assets/CupertinoIcons.ttf"}]},{"family":"packages/iconsax_flutter/FlutterIconsax","fonts":[{"asset":"packages/iconsax_flutter/fonts/FlutterIconsax.ttf"}]}]