{"assets/.DS_Store":["assets/.DS_Store"],"assets/db/sticky_plug.db":["assets/db/sticky_plug.db"],"assets/db/word_user_struct.db":["assets/db/word_user_struct.db"],"assets/fonts/Alibaba_PuHuiTi_2.0_55_Regular_55_Regular.ttf":["assets/fonts/Alibaba_PuHuiTi_2.0_55_Regular_55_Regular.ttf"],"assets/fonts/Alibaba_PuHuiTi_2.0_55_Regular_85_Bold.ttf":["assets/fonts/Alibaba_PuHuiTi_2.0_55_Regular_85_Bold.ttf"],"assets/fonts/Anton-Regular.ttf":["assets/fonts/Anton-Regular.ttf"],"assets/fonts/ArchivoBlack-Regular.ttf":["assets/fonts/ArchivoBlack-Regular.ttf"],"assets/fonts/Fredoka-VariableFont_wdth_wght.CfBhsFXY.ttf":["assets/fonts/Fredoka-VariableFont_wdth_wght.CfBhsFXY.ttf"],"assets/fonts/Inter-var-2.ttf":["assets/fonts/Inter-var-2.ttf"],"assets/fonts/NotoSansSC-Medium.ttf":["assets/fonts/NotoSansSC-Medium.ttf"],"assets/fonts/NotoSansSC-Regular.ttf":["assets/fonts/NotoSansSC-Regular.ttf"],"assets/images/app_icon.ico":["assets/images/app_icon.ico"],"assets/images/app_logo_512.png":["assets/images/app_logo_512.png"],"assets/images/app_logo_sm.png":["assets/images/app_logo_sm.png"],"assets/images/app_tray_icon.ico":["assets/images/app_tray_icon.ico"],"assets/images/avatar_1.jpg":["assets/images/avatar_1.jpg"],"assets/images/avatar_10.jpg":["assets/images/avatar_10.jpg"],"assets/images/avatar_11.jpg":["assets/images/avatar_11.jpg"],"assets/images/avatar_12.jpg":["assets/images/avatar_12.jpg"],"assets/images/avatar_13.jpg":["assets/images/avatar_13.jpg"],"assets/images/avatar_14.jpg":["assets/images/avatar_14.jpg"],"assets/images/avatar_15.jpg":["assets/images/avatar_15.jpg"],"assets/images/avatar_16.jpg":["assets/images/avatar_16.jpg"],"assets/images/avatar_2.jpg":["assets/images/avatar_2.jpg"],"assets/images/avatar_3.jpg":["assets/images/avatar_3.jpg"],"assets/images/avatar_4.jpg":["assets/images/avatar_4.jpg"],"assets/images/avatar_5.jpg":["assets/images/avatar_5.jpg"],"assets/images/avatar_6.jpg":["assets/images/avatar_6.jpg"],"assets/images/avatar_7.jpg":["assets/images/avatar_7.jpg"],"assets/images/avatar_8.jpg":["assets/images/avatar_8.jpg"],"assets/images/avatar_9.jpg":["assets/images/avatar_9.jpg"],"assets/images/barrage_pr1.png":["assets/images/barrage_pr1.png"],"assets/images/barrage_pre2.png":["assets/images/barrage_pre2.png"],"assets/images/collectBox_back02.png":["assets/images/collectBox_back02.png"],"assets/images/collectbox_back01.png":["assets/images/collectbox_back01.png"],"assets/images/ic_barrage_plug_preview.png":["assets/images/ic_barrage_plug_preview.png"],"assets/images/ic_switch_plug_preview.png":["assets/images/ic_switch_plug_preview.png"],"assets/images/qrcode_website.png":["assets/images/qrcode_website.png"],"assets/images/query_pr2.png":["assets/images/query_pr2.png"],"assets/images/query_pre1.png":["assets/images/query_pre1.png"],"assets/images/sticky_pre1.png":["assets/images/sticky_pre1.png"],"assets/images/success_fire.png":["assets/images/success_fire.png"],"assets/sound/correct.wav":["assets/sound/correct.wav"],"assets/sound/error.wav":["assets/sound/error.wav"],"assets/sound/keyboard.wav":["assets/sound/keyboard.wav"],"assets/sound/keyboard1.mp3":["assets/sound/keyboard1.mp3"],"assets/sound/keyboard2.mp3":["assets/sound/keyboard2.mp3"],"assets/sound/keyboard3.mp3":["assets/sound/keyboard3.mp3"],"assets/sound/keyboard4.mp3":["assets/sound/keyboard4.mp3"],"assets/sound/keyboard5.mp3":["assets/sound/keyboard5.mp3"],"assets/sound/keyboard6.mp3":["assets/sound/keyboard6.mp3"],"assets/sound/keyboard7.mp3":["assets/sound/keyboard7.mp3"],"assets/sound/keyboard8.mp3":["assets/sound/keyboard8.mp3"],"assets/sound/keyboard9.mp3":["assets/sound/keyboard9.mp3"],"assets/sound/learn_complete.mp3":["assets/sound/learn_complete.mp3"],"assets/sound/right.mp3":["assets/sound/right.mp3"],"assets/sound/task_finished.mp3":["assets/sound/task_finished.mp3"],"assets/svgfile/ic_account_circle.svg":["assets/svgfile/ic_account_circle.svg"],"assets/svgfile/ic_activity.svg":["assets/svgfile/ic_activity.svg"],"assets/svgfile/ic_add_folder.svg":["assets/svgfile/ic_add_folder.svg"],"assets/svgfile/ic_add_full.svg":["assets/svgfile/ic_add_full.svg"],"assets/svgfile/ic_add_plus.svg":["assets/svgfile/ic_add_plus.svg"],"assets/svgfile/ic_add_rect.svg":["assets/svgfile/ic_add_rect.svg"],"assets/svgfile/ic_addrect.svg":["assets/svgfile/ic_addrect.svg"],"assets/svgfile/ic_addsticky.svg":["assets/svgfile/ic_addsticky.svg"],"assets/svgfile/ic_ai2.svg":["assets/svgfile/ic_ai2.svg"],"assets/svgfile/ic_aimode.svg":["assets/svgfile/ic_aimode.svg"],"assets/svgfile/ic_app_exit.svg":["assets/svgfile/ic_app_exit.svg"],"assets/svgfile/ic_app_setting.svg":["assets/svgfile/ic_app_setting.svg"],"assets/svgfile/ic_app_upgrade.svg":["assets/svgfile/ic_app_upgrade.svg"],"assets/svgfile/ic_arrow_left.svg":["assets/svgfile/ic_arrow_left.svg"],"assets/svgfile/ic_back2.svg":["assets/svgfile/ic_back2.svg"],"assets/svgfile/ic_barrage.svg":["assets/svgfile/ic_barrage.svg"],"assets/svgfile/ic_basic_reslib.svg":["assets/svgfile/ic_basic_reslib.svg"],"assets/svgfile/ic_book1.svg":["assets/svgfile/ic_book1.svg"],"assets/svgfile/ic_browserall.svg":["assets/svgfile/ic_browserall.svg"],"assets/svgfile/ic_buy.svg":["assets/svgfile/ic_buy.svg"],"assets/svgfile/ic_buy_ful.svg":["assets/svgfile/ic_buy_ful.svg"],"assets/svgfile/ic_calctime.svg":["assets/svgfile/ic_calctime.svg"],"assets/svgfile/ic_calendar.svg":["assets/svgfile/ic_calendar.svg"],"assets/svgfile/ic_calendar1.svg":["assets/svgfile/ic_calendar1.svg"],"assets/svgfile/ic_calendar2.svg":["assets/svgfile/ic_calendar2.svg"],"assets/svgfile/ic_cameri.svg":["assets/svgfile/ic_cameri.svg"],"assets/svgfile/ic_card_learn.svg":["assets/svgfile/ic_card_learn.svg"],"assets/svgfile/ic_cardlearn.svg":["assets/svgfile/ic_cardlearn.svg"],"assets/svgfile/ic_chart.svg":["assets/svgfile/ic_chart.svg"],"assets/svgfile/ic_chart2.svg":["assets/svgfile/ic_chart2.svg"],"assets/svgfile/ic_chartbar.svg":["assets/svgfile/ic_chartbar.svg"],"assets/svgfile/ic_chatgpt.svg":["assets/svgfile/ic_chatgpt.svg"],"assets/svgfile/ic_check_checked.svg":["assets/svgfile/ic_check_checked.svg"],"assets/svgfile/ic_check_round.svg":["assets/svgfile/ic_check_round.svg"],"assets/svgfile/ic_checkbox_ful.svg":["assets/svgfile/ic_checkbox_ful.svg"],"assets/svgfile/ic_choice.svg":["assets/svgfile/ic_choice.svg"],"assets/svgfile/ic_clear.svg":["assets/svgfile/ic_clear.svg"],"assets/svgfile/ic_close_x.svg":["assets/svgfile/ic_close_x.svg"],"assets/svgfile/ic_cloud_down.svg":["assets/svgfile/ic_cloud_down.svg"],"assets/svgfile/ic_code_line.svg":["assets/svgfile/ic_code_line.svg"],"assets/svgfile/ic_collect.svg":["assets/svgfile/ic_collect.svg"],"assets/svgfile/ic_collect_box.svg":["assets/svgfile/ic_collect_box.svg"],"assets/svgfile/ic_collect_ful.svg":["assets/svgfile/ic_collect_ful.svg"],"assets/svgfile/ic_collect_love.svg":["assets/svgfile/ic_collect_love.svg"],"assets/svgfile/ic_could_down.svg":["assets/svgfile/ic_could_down.svg"],"assets/svgfile/ic_date.svg":["assets/svgfile/ic_date.svg"],"assets/svgfile/ic_date2.svg":["assets/svgfile/ic_date2.svg"],"assets/svgfile/ic_default_plug.svg":["assets/svgfile/ic_default_plug.svg"],"assets/svgfile/ic_delete1.svg":["assets/svgfile/ic_delete1.svg"],"assets/svgfile/ic_delete_round_full.svg":["assets/svgfile/ic_delete_round_full.svg"],"assets/svgfile/ic_detail1.svg":["assets/svgfile/ic_detail1.svg"],"assets/svgfile/ic_detail2.svg":["assets/svgfile/ic_detail2.svg"],"assets/svgfile/ic_disable.svg":["assets/svgfile/ic_disable.svg"],"assets/svgfile/ic_document.svg":["assets/svgfile/ic_document.svg"],"assets/svgfile/ic_drag.svg":["assets/svgfile/ic_drag.svg"],"assets/svgfile/ic_edit1.svg":["assets/svgfile/ic_edit1.svg"],"assets/svgfile/ic_edit2.svg":["assets/svgfile/ic_edit2.svg"],"assets/svgfile/ic_email.svg":["assets/svgfile/ic_email.svg"],"assets/svgfile/ic_empty.svg":["assets/svgfile/ic_empty.svg"],"assets/svgfile/ic_enter_key.svg":["assets/svgfile/ic_enter_key.svg"],"assets/svgfile/ic_error.svg":["assets/svgfile/ic_error.svg"],"assets/svgfile/ic_error_emoji.svg":["assets/svgfile/ic_error_emoji.svg"],"assets/svgfile/ic_error_ful.svg":["assets/svgfile/ic_error_ful.svg"],"assets/svgfile/ic_errorbox.svg":["assets/svgfile/ic_errorbox.svg"],"assets/svgfile/ic_errorcount.svg":["assets/svgfile/ic_errorcount.svg"],"assets/svgfile/ic_example_reslib.svg":["assets/svgfile/ic_example_reslib.svg"],"assets/svgfile/ic_excel.svg":["assets/svgfile/ic_excel.svg"],"assets/svgfile/ic_exchange.svg":["assets/svgfile/ic_exchange.svg"],"assets/svgfile/ic_exit1.svg":["assets/svgfile/ic_exit1.svg"],"assets/svgfile/ic_fastlink.svg":["assets/svgfile/ic_fastlink.svg"],"assets/svgfile/ic_filtter1.svg":["assets/svgfile/ic_filtter1.svg"],"assets/svgfile/ic_find.svg":["assets/svgfile/ic_find.svg"],"assets/svgfile/ic_find1.svg":["assets/svgfile/ic_find1.svg"],"assets/svgfile/ic_finish_check.svg":["assets/svgfile/ic_finish_check.svg"],"assets/svgfile/ic_flower.svg":["assets/svgfile/ic_flower.svg"],"assets/svgfile/ic_folder1.svg":["assets/svgfile/ic_folder1.svg"],"assets/svgfile/ic_form.svg":["assets/svgfile/ic_form.svg"],"assets/svgfile/ic_go_left.svg":["assets/svgfile/ic_go_left.svg"],"assets/svgfile/ic_go_right.svg":["assets/svgfile/ic_go_right.svg"],"assets/svgfile/ic_goback.svg":["assets/svgfile/ic_goback.svg"],"assets/svgfile/ic_goback1.svg":["assets/svgfile/ic_goback1.svg"],"assets/svgfile/ic_grid.svg":["assets/svgfile/ic_grid.svg"],"assets/svgfile/ic_grid_list.svg":["assets/svgfile/ic_grid_list.svg"],"assets/svgfile/ic_group1.svg":["assets/svgfile/ic_group1.svg"],"assets/svgfile/ic_group2.svg":["assets/svgfile/ic_group2.svg"],"assets/svgfile/ic_help.svg":["assets/svgfile/ic_help.svg"],"assets/svgfile/ic_help_ful.svg":["assets/svgfile/ic_help_ful.svg"],"assets/svgfile/ic_helphole.svg":["assets/svgfile/ic_helphole.svg"],"assets/svgfile/ic_hide_eye.svg":["assets/svgfile/ic_hide_eye.svg"],"assets/svgfile/ic_hideeye.svg":["assets/svgfile/ic_hideeye.svg"],"assets/svgfile/ic_home.svg":["assets/svgfile/ic_home.svg"],"assets/svgfile/ic_home1.svg":["assets/svgfile/ic_home1.svg"],"assets/svgfile/ic_home2.svg":["assets/svgfile/ic_home2.svg"],"assets/svgfile/ic_home3.svg":["assets/svgfile/ic_home3.svg"],"assets/svgfile/ic_home_simle.svg":["assets/svgfile/ic_home_simle.svg"],"assets/svgfile/ic_image_fill.svg":["assets/svgfile/ic_image_fill.svg"],"assets/svgfile/ic_import1.svg":["assets/svgfile/ic_import1.svg"],"assets/svgfile/ic_import2.svg":["assets/svgfile/ic_import2.svg"],"assets/svgfile/ic_import3.svg":["assets/svgfile/ic_import3.svg"],"assets/svgfile/ic_inputcount.svg":["assets/svgfile/ic_inputcount.svg"],"assets/svgfile/ic_insert1.svg":["assets/svgfile/ic_insert1.svg"],"assets/svgfile/ic_insert2.svg":["assets/svgfile/ic_insert2.svg"],"assets/svgfile/ic_jsonfile.svg":["assets/svgfile/ic_jsonfile.svg"],"assets/svgfile/ic_keyboard.svg":["assets/svgfile/ic_keyboard.svg"],"assets/svgfile/ic_keyboard2.svg":["assets/svgfile/ic_keyboard2.svg"],"assets/svgfile/ic_keyboard3.svg":["assets/svgfile/ic_keyboard3.svg"],"assets/svgfile/ic_label_ful.svg":["assets/svgfile/ic_label_ful.svg"],"assets/svgfile/ic_language.svg":["assets/svgfile/ic_language.svg"],"assets/svgfile/ic_learn.svg":["assets/svgfile/ic_learn.svg"],"assets/svgfile/ic_leave1.svg":["assets/svgfile/ic_leave1.svg"],"assets/svgfile/ic_libbook.svg":["assets/svgfile/ic_libbook.svg"],"assets/svgfile/ic_linerowdata.svg":["assets/svgfile/ic_linerowdata.svg"],"assets/svgfile/ic_list2.svg":["assets/svgfile/ic_list2.svg"],"assets/svgfile/ic_list_empty_dark.svg":["assets/svgfile/ic_list_empty_dark.svg"],"assets/svgfile/ic_list_empty_light.svg":["assets/svgfile/ic_list_empty_light.svg"],"assets/svgfile/ic_listen.svg":["assets/svgfile/ic_listen.svg"],"assets/svgfile/ic_listen2.svg":["assets/svgfile/ic_listen2.svg"],"assets/svgfile/ic_listen3.svg":["assets/svgfile/ic_listen3.svg"],"assets/svgfile/ic_listen_pause.svg":["assets/svgfile/ic_listen_pause.svg"],"assets/svgfile/ic_listen_stop.svg":["assets/svgfile/ic_listen_stop.svg"],"assets/svgfile/ic_listlearn.svg":["assets/svgfile/ic_listlearn.svg"],"assets/svgfile/ic_loop.svg":["assets/svgfile/ic_loop.svg"],"assets/svgfile/ic_loop3.svg":["assets/svgfile/ic_loop3.svg"],"assets/svgfile/ic_loopmax.svg":["assets/svgfile/ic_loopmax.svg"],"assets/svgfile/ic_loopmode.svg":["assets/svgfile/ic_loopmode.svg"],"assets/svgfile/ic_mappath.svg":["assets/svgfile/ic_mappath.svg"],"assets/svgfile/ic_master2.svg":["assets/svgfile/ic_master2.svg"],"assets/svgfile/ic_master_hole.svg":["assets/svgfile/ic_master_hole.svg"],"assets/svgfile/ic_mastered.svg":["assets/svgfile/ic_mastered.svg"],"assets/svgfile/ic_media1.svg":["assets/svgfile/ic_media1.svg"],"assets/svgfile/ic_member.svg":["assets/svgfile/ic_member.svg"],"assets/svgfile/ic_menu1.svg":["assets/svgfile/ic_menu1.svg"],"assets/svgfile/ic_money.svg":["assets/svgfile/ic_money.svg"],"assets/svgfile/ic_more2.svg":["assets/svgfile/ic_more2.svg"],"assets/svgfile/ic_more3.svg":["assets/svgfile/ic_more3.svg"],"assets/svgfile/ic_more_point.svg":["assets/svgfile/ic_more_point.svg"],"assets/svgfile/ic_moremenu.svg":["assets/svgfile/ic_moremenu.svg"],"assets/svgfile/ic_move1.svg":["assets/svgfile/ic_move1.svg"],"assets/svgfile/ic_movenext.svg":["assets/svgfile/ic_movenext.svg"],"assets/svgfile/ic_newfolder.svg":["assets/svgfile/ic_newfolder.svg"],"assets/svgfile/ic_newfolder3.svg":["assets/svgfile/ic_newfolder3.svg"],"assets/svgfile/ic_newfolder4.svg":["assets/svgfile/ic_newfolder4.svg"],"assets/svgfile/ic_newfolder_hole.svg":["assets/svgfile/ic_newfolder_hole.svg"],"assets/svgfile/ic_newword_wh.svg":["assets/svgfile/ic_newword_wh.svg"],"assets/svgfile/ic_night1.svg":["assets/svgfile/ic_night1.svg"],"assets/svgfile/ic_night2.svg":["assets/svgfile/ic_night2.svg"],"assets/svgfile/ic_not_select_dark.svg":["assets/svgfile/ic_not_select_dark.svg"],"assets/svgfile/ic_not_select_light.svg":["assets/svgfile/ic_not_select_light.svg"],"assets/svgfile/ic_not_select_white.svg":["assets/svgfile/ic_not_select_white.svg"],"assets/svgfile/ic_novel.svg":["assets/svgfile/ic_novel.svg"],"assets/svgfile/ic_order2.svg":["assets/svgfile/ic_order2.svg"],"assets/svgfile/ic_outside_ai.svg":["assets/svgfile/ic_outside_ai.svg"],"assets/svgfile/ic_plant.svg":["assets/svgfile/ic_plant.svg"],"assets/svgfile/ic_play_last1.svg":["assets/svgfile/ic_play_last1.svg"],"assets/svgfile/ic_play_next1.svg":["assets/svgfile/ic_play_next1.svg"],"assets/svgfile/ic_play_random.svg":["assets/svgfile/ic_play_random.svg"],"assets/svgfile/ic_play_speed.svg":["assets/svgfile/ic_play_speed.svg"],"assets/svgfile/ic_plug2.svg":["assets/svgfile/ic_plug2.svg"],"assets/svgfile/ic_plug_extend.svg":["assets/svgfile/ic_plug_extend.svg"],"assets/svgfile/ic_plugin_ful.svg":["assets/svgfile/ic_plugin_ful.svg"],"assets/svgfile/ic_position1.svg":["assets/svgfile/ic_position1.svg"],"assets/svgfile/ic_progress.svg":["assets/svgfile/ic_progress.svg"],"assets/svgfile/ic_query_plug.svg":["assets/svgfile/ic_query_plug.svg"],"assets/svgfile/ic_readbook.svg":["assets/svgfile/ic_readbook.svg"],"assets/svgfile/ic_reboot.svg":["assets/svgfile/ic_reboot.svg"],"assets/svgfile/ic_remark.svg":["assets/svgfile/ic_remark.svg"],"assets/svgfile/ic_remind.svg":["assets/svgfile/ic_remind.svg"],"assets/svgfile/ic_remove_round.svg":["assets/svgfile/ic_remove_round.svg"],"assets/svgfile/ic_reset.svg":["assets/svgfile/ic_reset.svg"],"assets/svgfile/ic_reset_setting.svg":["assets/svgfile/ic_reset_setting.svg"],"assets/svgfile/ic_resizetime.svg":["assets/svgfile/ic_resizetime.svg"],"assets/svgfile/ic_reslib.svg":["assets/svgfile/ic_reslib.svg"],"assets/svgfile/ic_restart.svg":["assets/svgfile/ic_restart.svg"],"assets/svgfile/ic_restore_normal_ex.svg":["assets/svgfile/ic_restore_normal_ex.svg"],"assets/svgfile/ic_restore_normal_window.svg":["assets/svgfile/ic_restore_normal_window.svg"],"assets/svgfile/ic_retry1.svg":["assets/svgfile/ic_retry1.svg"],"assets/svgfile/ic_revoke.svg":["assets/svgfile/ic_revoke.svg"],"assets/svgfile/ic_right.svg":["assets/svgfile/ic_right.svg"],"assets/svgfile/ic_run.svg":["assets/svgfile/ic_run.svg"],"assets/svgfile/ic_run_hole.svg":["assets/svgfile/ic_run_hole.svg"],"assets/svgfile/ic_score.svg":["assets/svgfile/ic_score.svg"],"assets/svgfile/ic_selector.svg":["assets/svgfile/ic_selector.svg"],"assets/svgfile/ic_setting_ful.svg":["assets/svgfile/ic_setting_ful.svg"],"assets/svgfile/ic_showtrans.svg":["assets/svgfile/ic_showtrans.svg"],"assets/svgfile/ic_sort.svg":["assets/svgfile/ic_sort.svg"],"assets/svgfile/ic_sound1.svg":["assets/svgfile/ic_sound1.svg"],"assets/svgfile/ic_sound_ful.svg":["assets/svgfile/ic_sound_ful.svg"],"assets/svgfile/ic_sound_full.svg":["assets/svgfile/ic_sound_full.svg"],"assets/svgfile/ic_space.svg":["assets/svgfile/ic_space.svg"],"assets/svgfile/ic_space1.svg":["assets/svgfile/ic_space1.svg"],"assets/svgfile/ic_speech.svg":["assets/svgfile/ic_speech.svg"],"assets/svgfile/ic_speed2.svg":["assets/svgfile/ic_speed2.svg"],"assets/svgfile/ic_sticky.svg":["assets/svgfile/ic_sticky.svg"],"assets/svgfile/ic_stop.svg":["assets/svgfile/ic_stop.svg"],"assets/svgfile/ic_stop_loop.svg":["assets/svgfile/ic_stop_loop.svg"],"assets/svgfile/ic_stopfull.svg":["assets/svgfile/ic_stopfull.svg"],"assets/svgfile/ic_storypath.svg":["assets/svgfile/ic_storypath.svg"],"assets/svgfile/ic_summer1.svg":["assets/svgfile/ic_summer1.svg"],"assets/svgfile/ic_summer2.svg":["assets/svgfile/ic_summer2.svg"],"assets/svgfile/ic_switch_account.svg":["assets/svgfile/ic_switch_account.svg"],"assets/svgfile/ic_switchplug.svg":["assets/svgfile/ic_switchplug.svg"],"assets/svgfile/ic_synch2.svg":["assets/svgfile/ic_synch2.svg"],"assets/svgfile/ic_synch_round.svg":["assets/svgfile/ic_synch_round.svg"],"assets/svgfile/ic_tabdata.svg":["assets/svgfile/ic_tabdata.svg"],"assets/svgfile/ic_task1.svg":["assets/svgfile/ic_task1.svg"],"assets/svgfile/ic_taskqustion.svg":["assets/svgfile/ic_taskqustion.svg"],"assets/svgfile/ic_template.svg":["assets/svgfile/ic_template.svg"],"assets/svgfile/ic_template1.svg":["assets/svgfile/ic_template1.svg"],"assets/svgfile/ic_texthide.svg":["assets/svgfile/ic_texthide.svg"],"assets/svgfile/ic_timer.svg":["assets/svgfile/ic_timer.svg"],"assets/svgfile/ic_timer_sp.svg":["assets/svgfile/ic_timer_sp.svg"],"assets/svgfile/ic_today.svg":["assets/svgfile/ic_today.svg"],"assets/svgfile/ic_totalsum.svg":["assets/svgfile/ic_totalsum.svg"],"assets/svgfile/ic_up_shrink.svg":["assets/svgfile/ic_up_shrink.svg"],"assets/svgfile/ic_upload.svg":["assets/svgfile/ic_upload.svg"],"assets/svgfile/ic_upload1.svg":["assets/svgfile/ic_upload1.svg"],"assets/svgfile/ic_upzhang.svg":["assets/svgfile/ic_upzhang.svg"],"assets/svgfile/ic_user.svg":["assets/svgfile/ic_user.svg"],"assets/svgfile/ic_user1.svg":["assets/svgfile/ic_user1.svg"],"assets/svgfile/ic_video.svg":["assets/svgfile/ic_video.svg"],"assets/svgfile/ic_visible_show.svg":["assets/svgfile/ic_visible_show.svg"],"assets/svgfile/ic_wechatpay.svg":["assets/svgfile/ic_wechatpay.svg"],"assets/svgfile/ic_win_max.svg":["assets/svgfile/ic_win_max.svg"],"assets/svgfile/ic_win_mini.svg":["assets/svgfile/ic_win_mini.svg"],"assets/svgfile/ic_wordlib.svg":["assets/svgfile/ic_wordlib.svg"],"assets/svgfile/ic_write_pen.svg":["assets/svgfile/ic_write_pen.svg"],"assets/svgfile/ic_xiegang.svg":["assets/svgfile/ic_xiegang.svg"],"assets/svgfile/ic_xiegang2.svg":["assets/svgfile/ic_xiegang2.svg"],"assets/svgfile/ic_yaoqing.svg":["assets/svgfile/ic_yaoqing.svg"],"assets/svgfile/ic_yuan.svg":["assets/svgfile/ic_yuan.svg"],"assets/svgfile/ic_zipfile.svg":["assets/svgfile/ic_zipfile.svg"],"assets/svgfile/icon_none_default.svg":["assets/svgfile/icon_none_default.svg"],"assets/text/ai_split_sentence.txt":["assets/text/ai_split_sentence.txt"],"assets/translations/en.json":["assets/translations/en.json"],"assets/translations/zh.json":["assets/translations/zh.json"],"packages/cupertino_icons/assets/CupertinoIcons.ttf":["packages/cupertino_icons/assets/CupertinoIcons.ttf"],"packages/day_night_time_picker/assets/moon.png":["packages/day_night_time_picker/assets/moon.png"],"packages/day_night_time_picker/assets/sun.png":["packages/day_night_time_picker/assets/sun.png"],"packages/iconsax_flutter/fonts/FlutterIconsax.ttf":["packages/iconsax_flutter/fonts/FlutterIconsax.ttf"],"packages/media_kit/assets/web/hls1.4.10.js":["packages/media_kit/assets/web/hls1.4.10.js"]}